{"v":"5.9.0","fr":60,"ip":0,"op":429,"w":1248,"h":1848,"nm":"Mr_Flow_2_Final","ddd":0,"assets":[{"id":"image_0","w":1043,"h":293,"u":"images/","p":"img_0.png","e":0},{"id":"image_1","w":115,"h":115,"u":"images/","p":"img_1.png","e":0},{"id":"image_2","w":115,"h":115,"u":"images/","p":"img_2.png","e":0},{"id":"image_3","w":1044,"h":489,"u":"images/","p":"img_3.png","e":0},{"id":"image_4","w":1045,"h":339,"u":"images/","p":"img_4.png","e":0},{"id":"image_5","w":1047,"h":306,"u":"images/","p":"img_5.png","e":0},{"id":"image_6","w":1051,"h":359,"u":"images/","p":"img_6.png","e":0},{"id":"image_7","w":1140,"h":1836,"u":"images/","p":"img_7.png","e":0},{"id":"comp_0","nm":"CArd_Animation","fr":60,"layers":[{"ddd":0,"ind":1,"ty":2,"nm":"Group 1973353841.png","cl":"png","refId":"image_0","sr":1,"ks":{"o":{"a":1,"k":[{"i":{"x":[0.667],"y":[1]},"o":{"x":[0.333],"y":[0]},"t":145,"s":[0]},{"i":{"x":[0.667],"y":[1]},"o":{"x":[0.167],"y":[0]},"t":172,"s":[100]},{"i":{"x":[0.667],"y":[1]},"o":{"x":[0.333],"y":[0]},"t":306,"s":[100]},{"t":333,"s":[0]}],"ix":11},"r":{"a":0,"k":0,"ix":10},"p":{"a":1,"k":[{"i":{"x":0.667,"y":1},"o":{"x":0.333,"y":0},"t":145,"s":[1785,575,0],"to":[-193.333,0,0],"ti":[193.333,0,0]},{"i":{"x":0.667,"y":0.667},"o":{"x":0.333,"y":0.333},"t":179,"s":[625,575,0],"to":[0,0,0],"ti":[0,0,0]},{"i":{"x":0.667,"y":1},"o":{"x":0.333,"y":0},"t":306,"s":[625,575,0],"to":[193.333,0,0],"ti":[-193.333,0,0]},{"t":342,"s":[1785,575,0]}],"ix":2,"l":2},"a":{"a":0,"k":[521.5,146.5,0],"ix":1,"l":2},"s":{"a":0,"k":[100,100,100],"ix":6,"l":2}},"ao":0,"ip":145,"op":361,"st":145,"bm":0},{"ddd":0,"ind":2,"ty":0,"nm":"Live sports.png Comp 1","cl":"png","refId":"comp_1","sr":1,"ks":{"o":{"a":1,"k":[{"i":{"x":[0.667],"y":[1]},"o":{"x":[0.333],"y":[0]},"t":154,"s":[0]},{"i":{"x":[0.667],"y":[1]},"o":{"x":[0.167],"y":[0]},"t":181,"s":[100]},{"i":{"x":[0.667],"y":[1]},"o":{"x":[0.333],"y":[0]},"t":315,"s":[100]},{"t":342,"s":[0]}],"ix":11},"r":{"a":0,"k":0,"ix":10},"p":{"a":1,"k":[{"i":{"x":0.667,"y":1},"o":{"x":0.333,"y":0},"t":154,"s":[1786,1005,0],"to":[-193.333,0,0],"ti":[193.333,0,0]},{"i":{"x":0.667,"y":0.667},"o":{"x":0.333,"y":0.333},"t":188,"s":[626,1005,0],"to":[0,0,0],"ti":[0,0,0]},{"i":{"x":0.667,"y":1},"o":{"x":0.333,"y":0},"t":315,"s":[626,1005,0],"to":[193.333,0,0],"ti":[-193.333,0,0]},{"t":351,"s":[1786,1005,0]}],"ix":2,"l":2},"a":{"a":0,"k":[522,244.5,0],"ix":1,"l":2},"s":{"a":0,"k":[100,100,100],"ix":6,"l":2}},"ao":0,"w":1044,"h":489,"ip":154,"op":361,"st":154,"bm":0},{"ddd":0,"ind":3,"ty":2,"nm":"Gaming (1).png","cl":"png","refId":"image_4","sr":1,"ks":{"o":{"a":1,"k":[{"i":{"x":[0.667],"y":[1]},"o":{"x":[0.333],"y":[0]},"t":162,"s":[0]},{"i":{"x":[0.667],"y":[1]},"o":{"x":[0.167],"y":[0]},"t":188,"s":[100]},{"i":{"x":[0.667],"y":[1]},"o":{"x":[0.333],"y":[0]},"t":323,"s":[100]},{"t":350,"s":[0]}],"ix":11},"r":{"a":0,"k":0,"ix":10},"p":{"a":1,"k":[{"i":{"x":0.667,"y":1},"o":{"x":0.333,"y":0},"t":162,"s":[1786,1463,0],"to":[-193.333,0,0],"ti":[193.333,0,0]},{"i":{"x":0.667,"y":0.667},"o":{"x":0.333,"y":0.333},"t":196,"s":[626,1463,0],"to":[0,0,0],"ti":[0,0,0]},{"i":{"x":0.667,"y":1},"o":{"x":0.333,"y":0},"t":323,"s":[626,1463,0],"to":[193.333,0,0],"ti":[-193.333,0,0]},{"t":359,"s":[1786,1463,0]}],"ix":2,"l":2},"a":{"a":0,"k":[522.5,169.5,0],"ix":1,"l":2},"s":{"a":0,"k":[100,100,100],"ix":6,"l":2}},"ao":0,"ip":162,"op":361,"st":162,"bm":0},{"ddd":0,"ind":4,"ty":5,"nm":"<empty text layer>","sr":1,"ks":{"o":{"a":0,"k":100,"ix":11},"r":{"a":0,"k":0,"ix":10},"p":{"a":0,"k":[-1344,1052,0],"ix":2,"l":2},"a":{"a":0,"k":[0,0,0],"ix":1,"l":2},"s":{"a":0,"k":[100,100,100],"ix":6,"l":2}},"ao":0,"t":{"d":{"k":[{"s":{"s":82,"f":"Graphik-Semibold","t":"","ca":0,"j":2,"tr":-10,"lh":96,"ls":0,"fc":[1,1,1]},"t":0}]},"p":{},"m":{"g":1,"a":{"a":0,"k":[0,0],"ix":2}},"a":[]},"ip":0,"op":431,"st":0,"bm":0},{"ddd":0,"ind":5,"ty":5,"nm":"Swipe to explore more content 2","parent":7,"sr":1,"ks":{"o":{"a":1,"k":[{"i":{"x":[0.667],"y":[1]},"o":{"x":[0.333],"y":[0]},"t":359,"s":[0]},{"t":392,"s":[100]}],"ix":11},"r":{"a":0,"k":0,"ix":10},"p":{"a":0,"k":[298.97,-295.926,0],"ix":2,"l":2},"a":{"a":0,"k":[-327.53,17.074,0],"ix":1,"l":2},"s":{"a":0,"k":[100,100,100],"ix":6,"l":2}},"ao":0,"t":{"d":{"k":[{"s":{"s":82,"f":"Graphik-Semibold","t":"Swipe to explore\rmore content","ca":0,"j":2,"tr":-10,"lh":96,"ls":0,"fc":[1,1,1]},"t":0}]},"p":{},"m":{"g":1,"a":{"a":0,"k":[0,0],"ix":2}},"a":[]},"ip":359,"op":504,"st":359,"bm":0},{"ddd":0,"ind":6,"ty":5,"nm":"Swipe to explore more content","parent":7,"sr":1,"ks":{"o":{"a":1,"k":[{"i":{"x":[0.667],"y":[1]},"o":{"x":[0.333],"y":[0]},"t":112,"s":[100]},{"t":145,"s":[0]}],"ix":11},"r":{"a":0,"k":0,"ix":10},"p":{"a":0,"k":[298.97,-295.926,0],"ix":2,"l":2},"a":{"a":0,"k":[-327.53,17.074,0],"ix":1,"l":2},"s":{"a":0,"k":[100,100,100],"ix":6,"l":2}},"ao":0,"t":{"d":{"k":[{"s":{"s":82,"f":"Graphik-Semibold","t":"Swipe to explore\rmore content","ca":0,"j":2,"tr":-10,"lh":96,"ls":0,"fc":[1,1,1]},"t":0}]},"p":{},"m":{"g":1,"a":{"a":0,"k":[0,0],"ix":2}},"a":[]},"ip":0,"op":145,"st":0,"bm":0},{"ddd":0,"ind":7,"ty":0,"nm":"Weather","refId":"comp_3","sr":1,"ks":{"o":{"a":1,"k":[{"i":{"x":[0.667],"y":[1]},"o":{"x":[0.333],"y":[0]},"t":112,"s":[100]},{"i":{"x":[0.667],"y":[1]},"o":{"x":[0.333],"y":[0]},"t":145,"s":[0]},{"i":{"x":[0.667],"y":[1]},"o":{"x":[0.333],"y":[0]},"t":359,"s":[0]},{"t":392,"s":[100]}],"ix":11},"r":{"a":0,"k":0,"ix":10},"p":{"a":1,"k":[{"i":{"x":0.683,"y":1},"o":{"x":0.293,"y":0},"t":112,"s":[624,1512,0],"to":[-200,0,0],"ti":[200,0,0]},{"i":{"x":0.683,"y":0.683},"o":{"x":0.167,"y":0.167},"t":145,"s":[-576,1512,0],"to":[0,0,0],"ti":[0,0,0]},{"i":{"x":0.45,"y":1},"o":{"x":0.317,"y":0},"t":359,"s":[-576,1512,0],"to":[200,0,0],"ti":[-200,0,0]},{"t":397,"s":[624,1512,0]}],"ix":2,"l":2},"a":{"a":0,"k":[624,252,0],"ix":1,"l":2},"s":{"a":0,"k":[100,100,100],"ix":6,"l":2}},"ao":0,"w":1248,"h":504,"ip":0,"op":431,"st":0,"bm":0}]},{"id":"comp_1","nm":"Live sports.png Comp 1","fr":60,"layers":[{"ddd":0,"ind":1,"ty":0,"nm":"Game_Icon","refId":"comp_2","sr":1,"ks":{"o":{"a":0,"k":100,"ix":11},"r":{"a":0,"k":0,"ix":10},"p":{"a":0,"k":[522,244.5,0],"ix":2,"l":2},"a":{"a":0,"k":[522,244.5,0],"ix":1,"l":2},"s":{"a":0,"k":[100,100,100],"ix":6,"l":2}},"ao":0,"w":1044,"h":489,"ip":0,"op":100,"st":0,"bm":0},{"ddd":0,"ind":2,"ty":0,"nm":"Game_Icon","refId":"comp_2","sr":1,"ks":{"o":{"a":0,"k":100,"ix":11},"r":{"a":0,"k":0,"ix":10},"p":{"a":0,"k":[522,244.5,0],"ix":2,"l":2},"a":{"a":0,"k":[522,244.5,0],"ix":1,"l":2},"s":{"a":0,"k":[100,100,100],"ix":6,"l":2}},"ao":0,"w":1044,"h":489,"ip":100,"op":200,"st":100,"bm":0},{"ddd":0,"ind":3,"ty":0,"nm":"Game_Icon","refId":"comp_2","sr":1,"ks":{"o":{"a":0,"k":100,"ix":11},"r":{"a":0,"k":0,"ix":10},"p":{"a":0,"k":[522,244.5,0],"ix":2,"l":2},"a":{"a":0,"k":[522,244.5,0],"ix":1,"l":2},"s":{"a":0,"k":[100,100,100],"ix":6,"l":2}},"ao":0,"w":1044,"h":489,"ip":200,"op":300,"st":200,"bm":0},{"ddd":0,"ind":4,"ty":0,"nm":"Game_Icon","refId":"comp_2","sr":1,"ks":{"o":{"a":0,"k":100,"ix":11},"r":{"a":0,"k":0,"ix":10},"p":{"a":0,"k":[522,244.5,0],"ix":2,"l":2},"a":{"a":0,"k":[522,244.5,0],"ix":1,"l":2},"s":{"a":0,"k":[100,100,100],"ix":6,"l":2}},"ao":0,"w":1044,"h":489,"ip":300,"op":399,"st":300,"bm":0},{"ddd":0,"ind":5,"ty":0,"nm":"Game_Icon","refId":"comp_2","sr":1,"ks":{"o":{"a":0,"k":100,"ix":11},"r":{"a":0,"k":0,"ix":10},"p":{"a":0,"k":[522,244.5,0],"ix":2,"l":2},"a":{"a":0,"k":[522,244.5,0],"ix":1,"l":2},"s":{"a":0,"k":[100,100,100],"ix":6,"l":2}},"ao":0,"w":1044,"h":489,"ip":500,"op":500.606060606061,"st":500,"bm":0},{"ddd":0,"ind":6,"ty":2,"nm":"Frame 1973353450.png","cl":"png","refId":"image_3","sr":1,"ks":{"o":{"a":0,"k":100,"ix":11},"r":{"a":0,"k":0,"ix":10},"p":{"a":0,"k":[522,244.5,0],"ix":2,"l":2},"a":{"a":0,"k":[522,244.5,0],"ix":1,"l":2},"s":{"a":0,"k":[100,100,100],"ix":6,"l":2}},"ao":0,"ip":0,"op":399,"st":0,"bm":0}]},{"id":"comp_2","nm":"Game_Icon","fr":60,"layers":[{"ddd":0,"ind":1,"ty":2,"nm":"Mask group (1).png","cl":"png","refId":"image_1","sr":1,"ks":{"o":{"a":0,"k":100,"ix":11},"r":{"a":0,"k":0,"ix":10},"p":{"a":0,"k":[173.75,289.5,0],"ix":2,"l":2},"a":{"a":0,"k":[57.5,57.5,0],"ix":1,"l":2},"s":{"a":1,"k":[{"i":{"x":[0.667,0.667,0.667],"y":[1,1,1]},"o":{"x":[0.333,0.333,0.333],"y":[0,0,0]},"t":0,"s":[100,100,100]},{"i":{"x":[0.667,0.667,0.667],"y":[1,1,1]},"o":{"x":[0.333,0.333,0.333],"y":[0,0,0]},"t":20,"s":[0,100,100]},{"t":40,"s":[100,100,100]}],"ix":6,"l":2}},"ao":0,"ip":0,"op":100,"st":0,"bm":0},{"ddd":0,"ind":2,"ty":2,"nm":"Mask group.png","cl":"png","refId":"image_2","sr":1,"ks":{"o":{"a":0,"k":100,"ix":11},"r":{"a":0,"k":0,"ix":10},"p":{"a":0,"k":[869.75,289.5,0],"ix":2,"l":2},"a":{"a":0,"k":[57.5,57.5,0],"ix":1,"l":2},"s":{"a":1,"k":[{"i":{"x":[0.667,0.667,0.667],"y":[1,1,1]},"o":{"x":[0.333,0.333,0.333],"y":[0,0,0]},"t":40,"s":[100,100,100]},{"i":{"x":[0.667,0.667,0.667],"y":[1,1,1]},"o":{"x":[0.333,0.333,0.333],"y":[0,0,0]},"t":60,"s":[0,100,100]},{"t":80,"s":[100,100,100]}],"ix":6,"l":2}},"ao":0,"ip":0,"op":100,"st":40,"bm":0}]},{"id":"comp_3","nm":"Weather","fr":60,"layers":[{"ddd":0,"ind":1,"ty":2,"nm":"Weather Widget.png","cl":"png","refId":"image_5","sr":1,"ks":{"o":{"a":0,"k":100,"ix":11},"r":{"a":0,"k":0,"ix":10},"p":{"a":0,"k":[624,195.5,0],"ix":2,"l":2},"a":{"a":0,"k":[523.5,153,0],"ix":1,"l":2},"s":{"a":0,"k":[100,100,100],"ix":6,"l":2}},"ao":0,"ip":0,"op":4080,"st":0,"bm":0},{"ddd":0,"ind":2,"ty":2,"nm":"Shadow.png","cl":"png","refId":"image_6","sr":1,"ks":{"o":{"a":0,"k":100,"ix":11},"r":{"a":0,"k":0,"ix":10},"p":{"a":0,"k":[624,328,0],"ix":2,"l":2},"a":{"a":0,"k":[525.5,179.5,0],"ix":1,"l":2},"s":{"a":0,"k":[100,100,100],"ix":6,"l":2}},"ao":0,"ip":0,"op":4080,"st":0,"bm":0}]}],"fonts":{"list":[{"fName":"Graphik-Semibold","fFamily":"Graphik","fStyle":"Semibold","ascent":75.9994506835938}]},"layers":[{"ddd":0,"ind":1,"ty":4,"nm":"Shape Layer 2","sr":1,"ks":{"o":{"a":1,"k":[{"i":{"x":[0.833],"y":[0.833]},"o":{"x":[0.167],"y":[0.167]},"t":359,"s":[0]},{"t":371,"s":[100]}],"ix":11},"r":{"a":0,"k":0,"ix":10},"p":{"a":0,"k":[624,924,0],"ix":2,"l":2},"a":{"a":0,"k":[0,0,0],"ix":1,"l":2},"s":{"a":0,"k":[100,100,100],"ix":6,"l":2}},"ao":0,"shapes":[{"ty":"gr","it":[{"ind":0,"ty":"sh","ix":1,"ks":{"a":0,"k":{"i":[[0,0],[0,0]],"o":[[0,0],[0,0]],"v":[[-15,328],[30,328]],"c":false},"ix":2},"nm":"Path 1","mn":"ADBE Vector Shape - Group","hd":false},{"ty":"st","c":{"a":0,"k":[1,1,1,1],"ix":3},"o":{"a":0,"k":100,"ix":4},"w":{"a":0,"k":27,"ix":5},"lc":2,"lj":1,"ml":4,"bm":0,"nm":"Stroke 1","mn":"ADBE Vector Graphic - Stroke","hd":false},{"ty":"tr","p":{"a":0,"k":[-10,0],"ix":2},"a":{"a":0,"k":[0,0],"ix":1},"s":{"a":0,"k":[100,100],"ix":3},"r":{"a":0,"k":0,"ix":6},"o":{"a":0,"k":100,"ix":7},"sk":{"a":0,"k":0,"ix":4},"sa":{"a":0,"k":0,"ix":5},"nm":"Transform"}],"nm":"Shape 1","np":3,"cix":2,"bm":0,"ix":1,"mn":"ADBE Vector Group","hd":false},{"ty":"tm","s":{"a":1,"k":[{"i":{"x":[0.833],"y":[0.833]},"o":{"x":[0.167],"y":[0.167]},"t":359,"s":[99]},{"t":371,"s":[0]}],"ix":1},"e":{"a":1,"k":[{"i":{"x":[0.833],"y":[0.833]},"o":{"x":[0.167],"y":[0.167]},"t":352,"s":[100]},{"t":363,"s":[1]}],"ix":2},"o":{"a":0,"k":0,"ix":3},"m":1,"ix":2,"nm":"Trim Paths 1","mn":"ADBE Vector Filter - Trim","hd":false}],"ip":351,"op":441,"st":351,"bm":0},{"ddd":0,"ind":2,"ty":4,"nm":"Shape Layer 4","sr":1,"ks":{"o":{"a":1,"k":[{"i":{"x":[0.833],"y":[0.833]},"o":{"x":[0.167],"y":[0.167]},"t":351,"s":[0]},{"t":354,"s":[40]}],"ix":11},"r":{"a":0,"k":0,"ix":10},"p":{"a":0,"k":[661,924,0],"ix":2,"l":2},"a":{"a":0,"k":[0,0,0],"ix":1,"l":2},"s":{"a":0,"k":[100,100,100],"ix":6,"l":2}},"ao":0,"shapes":[{"ty":"gr","it":[{"ind":0,"ty":"sh","ix":1,"ks":{"a":0,"k":{"i":[[0,0],[0,0]],"o":[[0,0],[0,0]],"v":[[-15,328],[30,328]],"c":false},"ix":2},"nm":"Path 1","mn":"ADBE Vector Shape - Group","hd":false},{"ty":"st","c":{"a":0,"k":[1,1,1,1],"ix":3},"o":{"a":0,"k":100,"ix":4},"w":{"a":0,"k":27,"ix":5},"lc":2,"lj":1,"ml":4,"bm":0,"nm":"Stroke 1","mn":"ADBE Vector Graphic - Stroke","hd":false},{"ty":"tr","p":{"a":0,"k":[-10,0],"ix":2},"a":{"a":0,"k":[0,0],"ix":1},"s":{"a":0,"k":[100,100],"ix":3},"r":{"a":0,"k":0,"ix":6},"o":{"a":0,"k":100,"ix":7},"sk":{"a":0,"k":0,"ix":4},"sa":{"a":0,"k":0,"ix":5},"nm":"Transform"}],"nm":"Shape 1","np":3,"cix":2,"bm":0,"ix":1,"mn":"ADBE Vector Group","hd":false},{"ty":"tm","s":{"a":0,"k":0,"ix":1},"e":{"a":0,"k":0.5,"ix":2},"o":{"a":0,"k":0,"ix":3},"m":1,"ix":2,"nm":"Trim Paths 1","mn":"ADBE Vector Filter - Trim","hd":false}],"ip":351,"op":441,"st":351,"bm":0},{"ddd":0,"ind":3,"ty":4,"nm":"Shape Layer 1","sr":1,"ks":{"o":{"a":1,"k":[{"i":{"x":[0.833],"y":[0.833]},"o":{"x":[0.167],"y":[0.167]},"t":99,"s":[100]},{"t":111,"s":[0]}],"ix":11},"r":{"a":0,"k":0,"ix":10},"p":{"a":0,"k":[624,924,0],"ix":2,"l":2},"a":{"a":0,"k":[0,0,0],"ix":1,"l":2},"s":{"a":0,"k":[100,100,100],"ix":6,"l":2}},"ao":0,"shapes":[{"ty":"gr","it":[{"ind":0,"ty":"sh","ix":1,"ks":{"a":0,"k":{"i":[[0,0],[0,0]],"o":[[0,0],[0,0]],"v":[[-15,328],[30,328]],"c":false},"ix":2},"nm":"Path 1","mn":"ADBE Vector Shape - Group","hd":false},{"ty":"st","c":{"a":0,"k":[1,1,1,1],"ix":3},"o":{"a":0,"k":100,"ix":4},"w":{"a":0,"k":27,"ix":5},"lc":2,"lj":1,"ml":4,"bm":0,"nm":"Stroke 1","mn":"ADBE Vector Graphic - Stroke","hd":false},{"ty":"tr","p":{"a":0,"k":[-10,0],"ix":2},"a":{"a":0,"k":[0,0],"ix":1},"s":{"a":0,"k":[100,100],"ix":3},"r":{"a":0,"k":0,"ix":6},"o":{"a":0,"k":100,"ix":7},"sk":{"a":0,"k":0,"ix":4},"sa":{"a":0,"k":0,"ix":5},"nm":"Transform"}],"nm":"Shape 1","np":3,"cix":2,"bm":0,"ix":1,"mn":"ADBE Vector Group","hd":false},{"ty":"tm","s":{"a":1,"k":[{"i":{"x":[0.833],"y":[0.833]},"o":{"x":[0.167],"y":[0.167]},"t":99,"s":[0]},{"t":111,"s":[99]}],"ix":1},"e":{"a":1,"k":[{"i":{"x":[0.833],"y":[0.833]},"o":{"x":[0.167],"y":[0.167]},"t":92,"s":[1]},{"t":103,"s":[100]}],"ix":2},"o":{"a":0,"k":0,"ix":3},"m":1,"ix":2,"nm":"Trim Paths 1","mn":"ADBE Vector Filter - Trim","hd":false}],"ip":0,"op":111,"st":0,"bm":0},{"ddd":0,"ind":4,"ty":4,"nm":"Shape Layer 3","sr":1,"ks":{"o":{"a":0,"k":40,"ix":11},"r":{"a":0,"k":0,"ix":10},"p":{"a":0,"k":[661,924,0],"ix":2,"l":2},"a":{"a":0,"k":[0,0,0],"ix":1,"l":2},"s":{"a":0,"k":[100,100,100],"ix":6,"l":2}},"ao":0,"shapes":[{"ty":"gr","it":[{"ind":0,"ty":"sh","ix":1,"ks":{"a":0,"k":{"i":[[0,0],[0,0]],"o":[[0,0],[0,0]],"v":[[-15,328],[30,328]],"c":false},"ix":2},"nm":"Path 1","mn":"ADBE Vector Shape - Group","hd":false},{"ty":"st","c":{"a":0,"k":[1,1,1,1],"ix":3},"o":{"a":0,"k":100,"ix":4},"w":{"a":0,"k":27,"ix":5},"lc":2,"lj":1,"ml":4,"bm":0,"nm":"Stroke 1","mn":"ADBE Vector Graphic - Stroke","hd":false},{"ty":"tr","p":{"a":0,"k":[-10,0],"ix":2},"a":{"a":0,"k":[0,0],"ix":1},"s":{"a":0,"k":[100,100],"ix":3},"r":{"a":0,"k":0,"ix":6},"o":{"a":0,"k":100,"ix":7},"sk":{"a":0,"k":0,"ix":4},"sa":{"a":0,"k":0,"ix":5},"nm":"Transform"}],"nm":"Shape 1","np":3,"cix":2,"bm":0,"ix":1,"mn":"ADBE Vector Group","hd":false},{"ty":"tm","s":{"a":0,"k":0,"ix":1},"e":{"a":0,"k":0.5,"ix":2},"o":{"a":0,"k":0,"ix":3},"m":1,"ix":2,"nm":"Trim Paths 1","mn":"ADBE Vector Filter - Trim","hd":false}],"ip":0,"op":111,"st":0,"bm":0},{"ddd":0,"ind":5,"ty":0,"nm":"CArd_Animation","refId":"comp_0","sr":1,"ks":{"o":{"a":0,"k":100,"ix":11},"r":{"a":0,"k":0,"ix":10},"p":{"a":0,"k":[624,924,0],"ix":2,"l":2},"a":{"a":0,"k":[624,924,0],"ix":1,"l":2},"s":{"a":0,"k":[100,100,100],"ix":6,"l":2}},"ao":0,"hasMask":true,"masksProperties":[{"inv":false,"mode":"a","pt":{"a":0,"k":{"i":[[0,0],[0,0],[0,0],[0,0]],"o":[[0,0],[0,0],[0,0],[0,0]],"v":[[1187,344],[61,348],[62,1732],[1186,1727]],"c":true},"ix":1},"o":{"a":0,"k":100,"ix":3},"x":{"a":0,"k":0,"ix":4},"nm":"Mask 1"}],"w":1248,"h":1848,"ip":0,"op":429,"st":0,"bm":0},{"ddd":0,"ind":6,"ty":2,"nm":"Background.png","cl":"png","refId":"image_7","sr":1,"ks":{"o":{"a":0,"k":100,"ix":11},"r":{"a":0,"k":0,"ix":10},"p":{"a":0,"k":[624,924,0],"ix":2,"l":2},"a":{"a":0,"k":[570,918,0],"ix":1,"l":2},"s":{"a":0,"k":[100,100,100],"ix":6,"l":2}},"ao":0,"ip":0,"op":429,"st":0,"bm":0}],"markers":[],"chars":[{"ch":"S","size":82,"style":"Semibold","w":63,"data":{"shapes":[{"ty":"gr","it":[{"ind":0,"ty":"sh","ix":1,"ks":{"a":0,"k":{"i":[[-19.739,0],[0,12.79],[17.422,2.216],[0,5.136],[-7.15,0],[-1.007,-6.546],[0,0],[16.214,0],[0,-12.286],[-18.43,-2.417],[0,-5.74],[7.15,0],[0.705,6.445],[0,0]],"o":[[17.02,0],[0,-14.905],[-11.078,-1.611],[0,-4.834],[7.15,0],[0,0],[-1.309,-14.301],[-15.912,0],[0,13.898],[10.574,1.611],[0,5.64],[-10.675,0],[0,0],[0.906,14.401]],"v":[[32.932,1.108],[60.425,-21.854],[34.039,-43.707],[20.645,-52.872],[31.421,-61.029],[43.405,-51.462],[58.411,-51.462],[31.421,-73.013],[5.237,-51.562],[31.219,-29.709],[44.815,-20.343],[32.932,-10.776],[18.832,-22.559],[3.223,-22.559]],"c":true},"ix":2},"nm":"S","mn":"ADBE Vector Shape - Group","hd":false}],"nm":"S","np":3,"cix":2,"bm":0,"ix":1,"mn":"ADBE Vector Group","hd":false}]},"fFamily":"Graphik"},{"ch":"w","size":82,"style":"Semibold","w":83.1,"data":{"shapes":[{"ty":"gr","it":[{"ind":0,"ty":"sh","ix":1,"ks":{"a":0,"k":{"i":[[0,0],[0,0],[0,0],[0,0],[0,0],[0,0],[0,0],[0,0],[0,0],[0,0],[0,0],[0,0],[0,0]],"o":[[0,0],[0,0],[0,0],[0,0],[0,0],[0,0],[0,0],[0,0],[0,0],[0,0],[0,0],[0,0],[0,0]],"v":[[17.624,0],[32.126,0],[41.794,-33.032],[50.757,0],[65.057,0],[81.674,-52.67],[67.676,-52.67],[57.706,-17.221],[48.441,-52.67],[36.456,-52.67],[26.285,-17.221],[16.919,-52.67],[1.611,-52.67]],"c":true},"ix":2},"nm":"w","mn":"ADBE Vector Shape - Group","hd":false}],"nm":"w","np":3,"cix":2,"bm":0,"ix":1,"mn":"ADBE Vector Group","hd":false}]},"fFamily":"Graphik"},{"ch":"i","size":82,"style":"Semibold","w":28.1,"data":{"shapes":[{"ty":"gr","it":[{"ind":0,"ty":"sh","ix":1,"ks":{"a":0,"k":{"i":[[0,0],[0,0],[0,0],[0,0]],"o":[[0,0],[0,0],[0,0],[0,0]],"v":[[6.848,0],[21.35,0],[21.35,-52.67],[6.848,-52.67]],"c":true},"ix":2},"nm":"i","mn":"ADBE Vector Shape - Group","hd":false},{"ind":1,"ty":"sh","ix":2,"ks":{"a":0,"k":{"i":[[-4.633,0],[0,4.532],[4.733,0],[0,-4.532]],"o":[[4.733,0],[0,-4.532],[-4.633,0],[0,4.532]],"v":[[13.998,-59.821],[22.357,-67.776],[13.998,-75.732],[5.74,-67.776]],"c":true},"ix":2},"nm":"i","mn":"ADBE Vector Shape - Group","hd":false}],"nm":"i","np":5,"cix":2,"bm":0,"ix":1,"mn":"ADBE Vector Group","hd":false}]},"fFamily":"Graphik"},{"ch":"p","size":82,"style":"Semibold","w":63.7,"data":{"shapes":[{"ty":"gr","it":[{"ind":0,"ty":"sh","ix":1,"ks":{"a":0,"k":{"i":[[0,0],[0,0],[0,0],[-8.157,0],[0,17.422],[0,0],[12.891,0],[2.921,-5.035],[0,0],[0,0]],"o":[[0,0],[0,0],[2.719,5.136],[13.092,0],[0,0],[0,-17.422],[-7.755,0],[0,0],[0,0],[0,0]],"v":[[6.445,17.926],[21.048,17.926],[21.048,-8.057],[37.866,1.108],[60.828,-26.083],[60.828,-26.889],[37.866,-53.879],[21.048,-44.412],[21.048,-52.67],[6.445,-52.67]],"c":true},"ix":2},"nm":"p","mn":"ADBE Vector Shape - Group","hd":false},{"ind":1,"ty":"sh","ix":2,"ks":{"a":0,"k":{"i":[[8.057,0],[0,10.574],[0,0],[-7.654,0],[0,-10.675],[0,0]],"o":[[-7.956,0],[0,0],[0,-10.574],[7.352,0],[0,0],[0,10.272]],"v":[[33.536,-10.272],[20.544,-25.983],[20.544,-26.788],[33.435,-42.7],[46.024,-26.788],[46.024,-25.983]],"c":true},"ix":2},"nm":"p","mn":"ADBE Vector Shape - Group","hd":false}],"nm":"p","np":5,"cix":2,"bm":0,"ix":1,"mn":"ADBE Vector Group","hd":false}]},"fFamily":"Graphik"},{"ch":"e","size":82,"style":"Semibold","w":58.7,"data":{"shapes":[{"ty":"gr","it":[{"ind":0,"ty":"sh","ix":1,"ks":{"a":0,"k":{"i":[[-15.912,0],[-1.712,11.38],[0,0],[6.747,0],[0.403,8.762],[0,0],[0,0],[13.596,0],[0,-16.617],[0,0]],"o":[[14.401,0],[0,0],[-0.906,4.431],[-7.956,0],[0,0],[0,0],[0,-18.832],[-15.308,0],[0,0],[0,16.818]],"v":[[30.716,1.108],[55.893,-16.617],[42.096,-16.617],[31.119,-9.265],[18.027,-23.062],[55.994,-23.062],[55.994,-27.09],[30.313,-53.879],[3.223,-26.486],[3.223,-25.681]],"c":true},"ix":2},"nm":"e","mn":"ADBE Vector Shape - Group","hd":false},{"ind":1,"ty":"sh","ix":2,"ks":{"a":0,"k":{"i":[[0,0],[-6.546,0],[-0.504,-7.956]],"o":[[1.108,-7.452],[6.949,0],[0,0]],"v":[[18.228,-32.025],[30.313,-43.808],[41.794,-32.025]],"c":true},"ix":2},"nm":"e","mn":"ADBE Vector Shape - Group","hd":false}],"nm":"e","np":5,"cix":2,"bm":0,"ix":1,"mn":"ADBE Vector Group","hd":false}]},"fFamily":"Graphik"},{"ch":" ","size":82,"style":"Semibold","w":22.2,"data":{},"fFamily":"Graphik"},{"ch":"t","size":82,"style":"Semibold","w":37.7,"data":{"shapes":[{"ty":"gr","it":[{"ind":0,"ty":"sh","ix":1,"ks":{"a":0,"k":{"i":[[-11.078,0],[-2.014,0.705],[0,0],[2.216,0],[0,4.23],[0,0],[0,0],[0,0],[0,0],[0,0],[0,0],[0,0],[0,0],[0,0],[0,0],[0,0]],"o":[[3.928,0],[0,0],[-1.712,0.705],[-3.726,0],[0,0],[0,0],[0,0],[0,0],[0,0],[0,0],[0,0],[0,0],[0,0],[0,0],[0,0],[0,10.977]],"v":[[25.681,1.007],[34.543,-0.403],[34.543,-11.682],[29.004,-10.675],[23.163,-16.919],[23.163,-42.297],[34.241,-42.297],[34.241,-52.67],[23.163,-52.67],[23.163,-64.05],[8.661,-64.05],[8.661,-52.67],[1.913,-52.67],[1.913,-42.297],[8.661,-42.297],[8.661,-15.61]],"c":true},"ix":2},"nm":"t","mn":"ADBE Vector Shape - Group","hd":false}],"nm":"t","np":3,"cix":2,"bm":0,"ix":1,"mn":"ADBE Vector Group","hd":false}]},"fFamily":"Graphik"},{"ch":"o","size":82,"style":"Semibold","w":61.6,"data":{"shapes":[{"ty":"gr","it":[{"ind":0,"ty":"sh","ix":1,"ks":{"a":0,"k":{"i":[[8.157,0],[0,10.071],[0,0],[-8.057,0],[0,-10.071],[0,0]],"o":[[-8.258,0],[0,0],[0,-10.071],[8.157,0],[0,0],[0,9.97]],"v":[[31.018,-9.97],[18.127,-26.083],[18.127,-26.889],[31.018,-42.801],[43.909,-26.688],[43.909,-25.983]],"c":true},"ix":2},"nm":"o","mn":"ADBE Vector Shape - Group","hd":false},{"ind":1,"ty":"sh","ix":2,"ks":{"a":0,"k":{"i":[[-15.71,0],[0,16.617],[0,0],[15.811,0],[0,-16.516],[0,0]],"o":[[15.811,0],[0,0],[0,-16.415],[-15.811,0],[0,0],[0,16.415]],"v":[[30.917,1.108],[58.713,-26.083],[58.713,-26.889],[31.018,-53.879],[3.223,-26.587],[3.223,-25.781]],"c":true},"ix":2},"nm":"o","mn":"ADBE Vector Shape - Group","hd":false}],"nm":"o","np":5,"cix":2,"bm":0,"ix":1,"mn":"ADBE Vector Group","hd":false}]},"fFamily":"Graphik"},{"ch":"x","size":82,"style":"Semibold","w":57.4,"data":{"shapes":[{"ty":"gr","it":[{"ind":0,"ty":"sh","ix":1,"ks":{"a":0,"k":{"i":[[0,0],[0,0],[0,0],[0,0],[0,0],[0,0],[0,0],[0,0],[0,0],[0,0],[0,0],[0,0]],"o":[[0,0],[0,0],[0,0],[0,0],[0,0],[0,0],[0,0],[0,0],[0,0],[0,0],[0,0],[0,0]],"v":[[1.712,0],[16.718,0],[28.098,-17.725],[39.175,0],[55.994,0],[37.463,-27.997],[54.282,-52.67],[39.175,-52.67],[29.507,-36.859],[19.638,-52.67],[2.921,-52.67],[19.739,-26.889]],"c":true},"ix":2},"nm":"x","mn":"ADBE Vector Shape - Group","hd":false}],"nm":"x","np":3,"cix":2,"bm":0,"ix":1,"mn":"ADBE Vector Group","hd":false}]},"fFamily":"Graphik"},{"ch":"l","size":82,"style":"Semibold","w":28,"data":{"shapes":[{"ty":"gr","it":[{"ind":0,"ty":"sh","ix":1,"ks":{"a":0,"k":{"i":[[0,0],[0,0],[0,0],[0,0]],"o":[[0,0],[0,0],[0,0],[0,0]],"v":[[6.848,0],[21.35,0],[21.35,-76.538],[6.848,-76.538]],"c":true},"ix":2},"nm":"l","mn":"ADBE Vector Shape - Group","hd":false}],"nm":"l","np":3,"cix":2,"bm":0,"ix":1,"mn":"ADBE Vector Group","hd":false}]},"fFamily":"Graphik"},{"ch":"r","size":82,"style":"Semibold","w":40.9,"data":{"shapes":[{"ty":"gr","it":[{"ind":0,"ty":"sh","ix":1,"ks":{"a":0,"k":{"i":[[0,0],[0,0],[0,0],[-10.776,-0.101],[0,0],[3.323,-7.05],[0,0],[0,0]],"o":[[0,0],[0,0],[0,-10.071],[0,0],[-8.56,0.101],[0,0],[0,0],[0,0]],"v":[[6.445,0],[21.048,0],[21.048,-26.385],[38.068,-39.88],[38.068,-53.476],[21.048,-42.599],[21.048,-52.67],[6.445,-52.67]],"c":true},"ix":2},"nm":"r","mn":"ADBE Vector Shape - Group","hd":false}],"nm":"r","np":3,"cix":2,"bm":0,"ix":1,"mn":"ADBE Vector Group","hd":false}]},"fFamily":"Graphik"},{"ch":"\r","size":82,"style":"Semibold","w":0,"fFamily":"Graphik"},{"ch":"m","size":82,"style":"Semibold","w":92.3,"data":{"shapes":[{"ty":"gr","it":[{"ind":0,"ty":"sh","ix":1,"ks":{"a":0,"k":{"i":[[0,0],[0,0],[0,0],[-5.64,0],[0,-6.747],[0,0],[0,0],[0,0],[-5.64,0],[0,-6.747],[0,0],[0,0],[0,0],[9.769,0],[4.23,-6.345],[6.949,0],[2.618,-4.935],[0,0],[0,0]],"o":[[0,0],[0,0],[0,-7.15],[5.136,0],[0,0],[0,0],[0,0],[0,-7.15],[5.237,0],[0,0],[0,0],[0,0],[0,-13.998],[-6.647,0],[-2.518,-6.244],[-7.855,0],[0,0],[0,0],[0,0]],"v":[[6.445,0],[21.048,0],[21.048,-31.119],[31.219,-41.895],[39.478,-32.126],[39.478,0],[53.979,0],[53.979,-31.119],[64.151,-41.895],[72.409,-32.126],[72.409,0],[86.911,0],[86.911,-33.737],[69.589,-53.879],[51.865,-44.714],[37.161,-53.879],[21.048,-44.614],[21.048,-52.67],[6.445,-52.67]],"c":true},"ix":2},"nm":"m","mn":"ADBE Vector Shape - Group","hd":false}],"nm":"m","np":3,"cix":2,"bm":0,"ix":1,"mn":"ADBE Vector Group","hd":false}]},"fFamily":"Graphik"},{"ch":"c","size":82,"style":"Semibold","w":57.8,"data":{"shapes":[{"ty":"gr","it":[{"ind":0,"ty":"sh","ix":1,"ks":{"a":0,"k":{"i":[[-15.408,0],[-0.806,12.488],[0,0],[5.841,0],[0,10.574],[0,0],[-7.553,0],[-1.007,-6.143],[0,0],[12.186,0],[0,-17.02],[0,0]],"o":[[15.308,0],[0,0],[-0.705,6.747],[-8.157,0],[0,0],[0,-10.071],[5.942,0],[0,0],[-1.309,-15.106],[-15.005,0],[0,0],[0,17.221]],"v":[[30.313,1.108],[55.49,-20.041],[42.297,-20.041],[31.018,-9.869],[18.127,-25.882],[18.127,-26.688],[30.716,-42.398],[41.391,-33.435],[55.188,-33.435],[30.414,-53.879],[3.223,-26.486],[3.223,-25.681]],"c":true},"ix":2},"nm":"c","mn":"ADBE Vector Shape - Group","hd":false}],"nm":"c","np":3,"cix":2,"bm":0,"ix":1,"mn":"ADBE Vector Group","hd":false}]},"fFamily":"Graphik"},{"ch":"n","size":82,"style":"Semibold","w":61.5,"data":{"shapes":[{"ty":"gr","it":[{"ind":0,"ty":"sh","ix":1,"ks":{"a":0,"k":{"i":[[0,0],[0,0],[0,0],[-6.244,0],[0,-7.15],[0,0],[0,0],[0,0],[10.373,0],[2.618,-5.237],[0,0],[0,0]],"o":[[0,0],[0,0],[0,-7.755],[6.445,0],[0,0],[0,0],[0,0],[0,-14.099],[-8.762,0],[0,0],[0,0],[0,0]],"v":[[6.445,0],[21.048,0],[21.048,-30.414],[32.025,-41.995],[41.29,-31.421],[41.29,0],[55.893,0],[55.893,-33.536],[38.168,-53.879],[21.048,-44.312],[21.048,-52.67],[6.445,-52.67]],"c":true},"ix":2},"nm":"n","mn":"ADBE Vector Shape - Group","hd":false}],"nm":"n","np":3,"cix":2,"bm":0,"ix":1,"mn":"ADBE Vector Group","hd":false}]},"fFamily":"Graphik"}]}